,alcohol,malic_acid,total_phenols,flavanoids,nonflavanoid_phenols,color_intensity,hue,od280/od315_of_diluted_wines,proline
count,178.0,178.0,178.0,178.0,178.0,178.0,178.0,178.0,178.0
mean,13.000617977528083,2.336348314606741,2.295112359550562,2.0292696629213474,0.36185393258426973,5.058089882022473,0.9574494382022468,2.6116853932584254,746.8932584269663
std,0.8118265380058577,1.1171460976144627,0.6258510488339891,0.9988586850169465,0.12445334029667939,2.318285871822413,0.22857156582982338,0.7099904287650505,314.9074742768489
min,11.03,0.74,0.98,0.34,0.13,1.28,0.48,1.27,278.0
25%,12.362499999999999,1.6025,1.7425,1.205,0.27,3.2199999999999998,0.7825,1.9375,500.5
50%,13.05,1.8650000000000002,2.355,2.135,0.34,4.6899999999999995,0.965,2.78,673.5
75%,13.6775,3.0825,2.8,2.875,0.4375,6.2,1.12,3.17,985.0
max,14.83,5.8,3.88,5.08,0.66,13.0,1.71,4.0,1680.0
